-4.724651351113325903e-01,9.028039112208289252e-01
3.919459244394035702e-01,-3.186743157700803186e-01
1.608541763363565247e+00,-3.266645452982436248e-01
3.447814548461198281e-01,-2.754034137033671281e-01
4.130168054928868848e-01,-2.655250200963567009e-01
2.591204639099257273e-02,1.399696195499958717e-01
-1.197181680834637496e-01,9.374146205091344886e-01
3.848513688716362346e-01,-3.850142991701574480e-01
-8.395416692013910609e-01,5.519465889645498446e-01
2.120447226533314300e+00,-3.106463935032016677e-02
1.860415658099453307e+00,1.276255190987434229e-01
-8.130726398268646182e-01,6.221156397387217485e-01
7.395287570467554694e-01,-3.910381725554131771e-01
3.639816917030905263e-01,9.838518660739127286e-01
5.334873637103125787e-01,-3.773857683693782050e-01
8.199519860127917337e-01,7.775775168680014726e-01
-6.360837218148760464e-01,8.006763634901489235e-01
5.898870598464432680e-02,1.122408753244738211e+00
8.006154508934375247e-02,9.022417763479410047e-01
4.370967239573493868e-01,-3.243630713030483115e-01
1.285274015605167186e+00,-5.019257983063536432e-01
-8.865980647053823827e-01,4.970484195129786231e-01
4.221190859934285111e-01,-3.150504746161200131e-01
7.589410468384418795e-01,-4.187587223703645445e-02
-1.612064709317981570e-01,9.543189860055957263e-01
6.688276376109345556e-01,6.270215757246258015e-01
1.156271489628620586e+00,2.244009676593229363e-01
-2.345967489523644312e-01,1.004659827488252999e+00
-5.724806756434265287e-01,6.180882373892975234e-01
1.034334074227138522e+00,-4.500985114177485924e-01
-7.034373107828081340e-01,5.869512163512967673e-01
2.046251579799023723e+00,4.546470235145715355e-01
5.094998048705606797e-01,-3.986731671606633665e-01
9.207327834025659241e-01,8.043722175583736256e-01
-7.766540817152882692e-01,9.151470538152339795e-01
1.584252755520890732e-01,1.001178370883152452e-02
1.036229382604632487e+00,-4.329810280967502090e-01
7.388167912336007781e-01,-4.016889958164596153e-01
-8.516969704577186384e-01,9.879703082324838015e-02
-2.275685920503055584e-02,9.843615683465625210e-01
6.211024433367069442e-01,7.247385482311068383e-01
1.715270910971216090e-01,-1.762944493578886274e-01
1.908621465102142478e+00,3.895270092338528056e-01
7.863069755294480045e-02,1.063041834631425431e+00
-5.044663196974091823e-01,1.188155148878492939e+00
-4.937708902806725586e-01,7.236570961626679344e-01
-6.750185925102741846e-01,7.369041045249093980e-01
-1.344260283189150917e-01,1.036173760113214382e+00
6.234220799934906410e-01,-3.583482038120083812e-01
9.451090156813584109e-01,-5.575511169429778757e-01
1.649246087561022200e+00,-3.444994263210496843e-01
2.233373157722901015e-02,5.189630066614042692e-02
4.039915244754512802e-01,-3.434066107790207378e-01
1.500474137751818704e+00,-5.495812884626065653e-01
6.413970124782892857e-01,-2.756832952276162541e-01
5.935178585892809666e-01,-1.632709650459320816e-01
-1.063934608375816104e+00,2.134650563295461823e-01
-9.684885442554970192e-01,3.286026226999953503e-01
2.554768316220936697e-01,1.036356109850477658e+00
7.723459963230483449e-01,5.068029439957746352e-01
2.462723867580709491e-01,-2.081181429015220852e-01
6.920460430008051889e-01,6.362556999431702165e-01
-4.023265149183904987e-02,4.513046478165019249e-01
6.971596785427403020e-02,9.627217360457445139e-01
6.321545260880490069e-01,6.915168278474967956e-01
6.354964751880803897e-01,-5.661543369842709783e-01
-9.483467773739724382e-01,5.536300019474774681e-01
1.302147823539954313e-02,2.105689139720677283e-01
-8.875767922200649140e-01,4.806835326476951442e-01
3.160648489397633876e-01,9.034592325609654972e-01
-9.983319296501692586e-01,-5.977899720489344981e-02
1.749770537202644638e+00,-9.439644202036664988e-02
1.767934474408715984e+00,-1.637677828776868960e-01
1.840609363320270253e+00,2.359367953952925534e-01
4.119783757585759876e-01,8.598949304529869275e-01
1.699931645017788817e+00,-3.261613817940168247e-01
-1.209194902705113261e-01,3.448595831505245624e-01
1.180450576230666210e-01,-6.304296202252668291e-02
2.110192241915721301e+00,5.591246666005722510e-01
8.878933959031485301e-01,3.808734778035990365e-01
9.351775745086828850e-01,6.431928177264842894e-01
1.437821886160544627e-01,9.633949037382104619e-01
-3.517532451081405998e-01,8.802443463311434568e-01
-2.838460077336748544e-01,9.818947527968193700e-01
-9.242972634773860552e-01,3.775784363467380444e-01
-7.515644083103979467e-01,5.583275434390101433e-01
1.600207359658355921e+00,-2.098916226100058791e-01
5.864245603056806866e-01,4.680583098616404314e-01
4.398116672966128071e-01,8.870631641845343474e-01
7.454452521865135850e-01,4.903031154613800013e-01
9.464470673026301739e-01,-4.261637228502394015e-01
1.390349052077553882e+00,-5.572022765019205570e-01
-1.235834433021200940e-01,8.804281341599569100e-01
9.601368937575460727e-03,9.528801064392067310e-01
8.173387610418278437e-02,-1.527060855708785303e-02
-6.695601730285046793e-01,6.349091984667911692e-01
-9.728193058344580813e-01,-2.231549011421213313e-02
1.794276361383323914e+00,-8.720410248699120292e-02
1.643837900990141598e-01,2.616088259724904108e-01
1.260982956124814480e+00,-4.671060518455212862e-01
-3.740810837090113861e-02,4.407235522268742045e-01
9.928447703153472359e-01,2.735714845067459544e-01
-7.208065570744215389e-03,1.093808141048757232e+00
2.011889756444956490e+00,7.515225102696619641e-02
9.347304024065202777e-01,-5.145138561854830650e-01
6.976110733896848659e-01,7.042259498732115208e-01
1.097581246509666153e+00,3.257074651347414140e-01
1.331618593418715246e+00,-3.668750081076471159e-01
-1.056959944333613732e+00,-1.781255308369000118e-02
7.723725968041466050e-01,8.402896949910662050e-01
3.473417783351822052e-01,-1.130174721544689037e-01
-3.474174604456840565e-01,8.241902528936432271e-01
9.179831615912008580e-01,6.137587112897164854e-01
1.001012145760022953e+00,4.417989151182053487e-01
6.831186567260045805e-01,9.026904653623492036e-01
-8.087402271508031815e-01,7.574775574154257729e-01
-6.292557628744640530e-01,8.136181962849373672e-01
-9.577381963447313407e-01,1.836296167485982345e-01
-8.582789581893610631e-01,5.427102844074984667e-01
1.303323102938774181e+00,-1.673358313698522504e-01
2.655684748667694328e-01,8.652639015100460629e-01
4.077654868749345796e-01,1.045686262746365447e+00
3.786588615815815739e-01,9.688896398686545064e-01
1.502132845011346030e+00,-2.715570850458461361e-01
-9.713540267406304274e-01,-1.865413733224574599e-02
1.502378925496191231e+00,-3.203972351905871041e-01
1.082340141626400576e-01,2.908261171232566777e-01
1.084631970094849018e+00,9.004957912714897650e-02
7.072241803021751538e-01,2.410948153637000602e-01
1.771630219390634586e+00,1.635898942062419259e-01
1.171211693834701251e+00,-5.096400367980469248e-01
1.904103460951767302e+00,4.149723256402985949e-02
8.963583657534947013e-01,2.854708662023948129e-01
-9.876366601841155557e-01,8.674343878720457146e-02
1.024509726250409702e+00,3.500883722588849639e-02
1.807407741777470545e+00,-2.702000703609522825e-01
1.565195439202449634e+00,-2.096180269036393984e-01
1.496409025628333000e-01,3.666373509958933408e-01
9.809442440295078613e-01,1.877674158746969746e-01
9.341389595611034879e-01,-4.812339471704640270e-01
2.102156762422148439e+00,2.491046578604733108e-01
6.607363025678940349e-02,4.390819628280818177e-01
-9.469730815531536283e-01,2.115280929890918649e-01
-8.123237636679369045e-01,5.528985461049293892e-01
7.368350016288244264e-01,3.891026343354151984e-01
1.094671171518901698e+00,-5.012788455347985117e-01
1.662494150851855368e+00,-3.158585245784539253e-01
1.916688067094795889e+00,2.550574429699152823e-01
8.532488335569954341e-01,4.413102207563721624e-01
1.860460016629828406e+00,-1.338555493421368925e-01
1.970434738718351175e+00,2.533279408198901850e-01
9.034882198796756470e-01,-5.538177257687240118e-01
1.771047223637951973e+00,-2.622577954442912862e-01
4.618659212528197222e-01,1.004901283326272043e+00
2.049336494961174981e+00,2.552376796186171526e-01
1.217301908303983105e+00,3.307846769860695729e-02
1.881866204916170293e+00,9.039215753854178137e-02
-8.648990499809543486e-01,5.554727888909584133e-01
-3.205963678270539186e-01,9.113384549163605630e-01
-4.978007607887020569e-01,6.355324149436079040e-01
2.088813435908631444e+00,4.533477013925844568e-01
1.283643333037538081e+00,-3.466080881132388436e-01
1.060819271222449123e+00,-4.580198407262582871e-01
1.881072020672219569e+00,4.626112636228061903e-01
1.996189295460770730e+00,4.456338970224419938e-01
-2.137811021034128067e-01,1.175161248428671312e+00
1.218738702126752615e+00,-3.665631003618875505e-01
9.358652154390806333e-01,1.335831234390822964e-01
1.630416736460659433e+00,-4.007504651099816351e-02
7.898160656695587534e-01,4.028320754865073461e-01
-5.468099002747064397e-01,7.532386415195075902e-01
-3.790360201765943793e-01,7.711486744110804814e-01
1.944688375896518995e+00,1.479588994940224111e-01
1.082245509401444927e+00,3.628410936798865949e-01
-3.296904340781289244e-01,7.697735352368602069e-01
5.597331407960027816e-01,-3.888146977294503759e-01
1.583168610110987362e-01,2.361664533898525931e-01
3.410059772786040444e-01,1.382903128341532450e-01
1.285138162646573878e+00,-3.992643187699099760e-01
1.165117320792514288e+00,-4.205144335368959929e-01
2.182516227918650298e+00,2.358382139018936063e-01
-9.263111874961270642e-01,6.227786875261218658e-01
4.701769336212000550e-01,-5.068491793463716366e-01
1.758674974582891570e+00,8.717164324051174251e-02
4.395875422853069425e-01,-2.150257353769211843e-01
8.578344978393519504e-01,2.124686908876131930e-01
-2.368834452822847769e-01,1.854016156723305719e-01
-8.675105805795418901e-02,1.090145823674949943e+00
1.260076244045543525e+00,-6.065846916103565523e-01
1.332167979410160408e-01,4.726563498539828045e-01
8.426816026963718231e-02,-1.603972120589116368e-01
-9.968459671800986577e-01,1.922509562551338036e-01
3.720479721831952968e-01,9.642145598477649404e-01
5.011932271467420819e-01,7.811212376441227789e-01
5.521269822186025689e-01,6.102372486267145790e-01
8.326365492978986538e-01,2.122202013050105973e-01
7.757155078210594690e-01,-4.245480781120862246e-01
2.369473938848488948e-01,-1.042637991781493328e-01
1.010241201179748360e+00,5.947450735810853872e-02
-6.936283039137439710e-01,7.114976172444786862e-01
-1.471032197632214378e-01,8.520154557934074280e-01
-8.395235197771274693e-01,4.350090646914143711e-01
1.644471173877414483e+00,-3.238612950188664019e-01
-3.392195138578030233e-01,8.840213217621962771e-01
1.835451592831711887e+00,4.460292144928202918e-01
5.325192366521835918e-01,-4.570454321652829832e-01
6.534046284857959463e-01,6.403180955150113984e-01
-9.996628524554689310e-01,4.270556854403578795e-01
-2.878203890011122867e-01,1.028160723488160011e+00
1.562349880449515616e-01,1.077415887332713762e+00
4.823662162262816189e-01,-3.104044714296844698e-01
5.636175601783124378e-01,1.027157447762261588e+00
-8.969498894583738391e-01,1.115114584938005637e-01
9.230362066667139320e-01,-7.947810039205875643e-02
1.457260720776002438e-01,3.962825482818983502e-01
-8.598462761816210165e-01,3.900112565896792227e-01
6.350609155777506842e-01,7.105730402941442536e-01
-7.626920300643125206e-01,7.383778994847697286e-01
3.666583273701080614e-01,1.127479880267583168e+00
9.344501928832648074e-01,-3.929682306818866461e-02
2.460577207812344458e-01,1.055020320203285067e+00
8.751588573297460760e-01,-5.368456770888448970e-01
7.378060336013493314e-01,-5.842541292635827777e-01
-4.637953656264182101e-01,7.093397905500293810e-01
-1.128972400730448244e+00,1.324567191962339741e-01
-1.007497928475840299e+00,2.736549107295566108e-01
1.920101980340932768e-01,9.797222216560872443e-01
-9.184830607147376202e-02,1.044528476990268517e+00
1.497698925979786821e-01,9.003722734203691846e-01
-4.278682369929902030e-01,9.852310735808023079e-01
1.901513435599230029e+00,2.879156496684683875e-01
-8.209125295082793095e-01,3.052962442325400927e-01
1.709781466301109720e+00,-2.693193071971360375e-01
2.078015505763593840e+00,1.432592823492036260e-02
-6.117372703732182337e-01,5.677125535772324927e-01
1.851530552753674286e+00,-1.242878428900436316e-01
1.738712027041554364e+00,1.312150186515751993e-01
8.956910198677887625e-01,5.035571345037545554e-02
6.737878641519126077e-01,8.492786546416151161e-01
1.919431046580083455e+00,-2.612616177378723203e-01
2.188280920701249077e-01,6.519187192200880387e-01
9.498495852503693326e-01,5.357098661047505761e-01
1.593939431160531051e+00,-4.042097340363728919e-01
8.344874245326556750e-01,1.644867946719698049e-01
1.762462926667906382e+00,-1.291753308814681811e-01
4.557536673754172818e-02,9.527160863688072245e-01
1.058056078878194972e+00,-5.581659310029410959e-01
-6.698697010113401351e-01,7.576337881829943166e-01
4.639858269676662705e-01,-2.435318933158741039e-01
9.544568038033154345e-01,-4.522662068965800364e-01
9.142911324159911368e-01,2.898434168273282541e-02
8.787020464680155296e-01,-2.128030278347710358e-02
1.244958196727089739e+00,-5.248572761460289504e-01
8.466646587947528335e-01,7.772046083410292239e-01
-5.858087505271207807e-01,7.206731318539515430e-01
1.637684033126713734e+00,-5.672715320978822806e-01
5.791100084834578388e-01,8.698356561101595608e-01
4.805929733697621442e-01,-2.853389532662902184e-01
1.840838892027339302e+00,-8.289359460829814896e-02
-1.120397180048336577e-01,5.234463467183947394e-01
-8.009442119382235298e-04,1.310641688989511167e-01
3.871617002991163958e-01,9.690283388401439435e-01
1.923986661745840987e+00,6.031931530559352383e-01
1.568394577825759306e+00,-3.473661315325441978e-01
1.162266458753895337e+00,-5.686135768184629180e-01
1.632775455560632416e+00,-2.868283157240917314e-01
6.074443904920709958e-01,-2.210874563886997268e-01
1.927348458111495910e+00,5.130875218038489782e-01
-3.721806434895343352e-01,1.113415826626615868e+00
-8.957810541569352081e-01,3.691315785965701424e-01
1.108815552415427952e+00,2.917431058373931574e-01
-1.701248756044240196e-01,-1.330175870565372953e-01
-8.461096774194819536e-01,2.836741896955597420e-01
1.029164767836528327e+00,4.921293581884103041e-01
1.882777375059764557e-02,7.892318490492374050e-02
2.896135817728652251e-01,-2.569237019230963259e-01
8.650796057631162661e-01,-4.092088382445236427e-01
-2.386479870585457574e-02,6.514555935398389508e-01
-5.375936200547943855e-01,9.043986854775425410e-01
1.862008885431035488e+00,-3.027919123161201265e-01
4.000294446418090066e-01,9.847783512210676049e-01
9.532586160522732444e-01,-5.878737869948600370e-01
2.018849429136058582e+00,1.649601174717608143e-01
6.601025174694729047e-01,5.891896521598454228e-01
6.159037955896612404e-01,-5.575351138300053133e-01
8.138226221460461707e-01,-6.343187248817448998e-01
1.112788754934892210e-01,-1.182372556756947080e-01
8.954357720952318411e-01,4.831678513123832674e-01
-5.378728836680369413e-02,1.134743220841709865e+00
-9.464390325222628020e-01,1.366178122663627703e-01
-9.653296859662356955e-01,6.600193564282358372e-01
-3.441778374898927795e-01,8.433046429144677170e-01
1.886171172409760288e+00,8.667516959132254284e-02
1.925860746021682557e+00,5.001610171379877734e-01
-4.378860215181017979e-01,8.872692026201186577e-01
7.459799648025570162e-01,7.709147054245328867e-01
9.192228412340706090e-01,5.095795461561213324e-01
1.088287715268916322e+00,-4.615724788735320883e-01
1.875885731238403908e-01,1.103453432851071003e+00
1.662764259535272349e-01,3.346861429763377943e-02
-1.023237567254979385e+00,5.452258750912206686e-01
-7.788109291294623149e-02,2.350650096211255868e-01
3.869400333328738562e-01,-2.040276633788850880e-01
1.893473618695511451e+00,-1.862602042775511335e-01
1.018754462899550184e+00,4.758239414302141146e-01
8.977656589855482760e-01,-5.644346315128567770e-01
9.962972473014293229e-01,4.874160650569456243e-01
1.285113799679398872e+00,-5.462160135302809305e-01
1.634650440614699551e+00,-7.286155147572359603e-02
6.039507892812866485e-01,9.995745140725222910e-01
-9.946078390541075454e-01,2.703883728795312136e-01
1.719776699062260716e+00,-9.668941541912078053e-02
-1.283697805905065770e-01,2.768460098194739372e-01
7.524559036291766922e-02,8.771295783670248758e-01
1.486126422940389213e-01,8.183671914913700357e-03
1.566003753893967065e+00,-5.835932704159853268e-02
1.171815228370945094e+00,-3.464604799309550787e-01
1.170609337657719573e+00,-5.018913966773907998e-01
-1.993394468836461320e-01,3.216235971212575984e-01
1.426772126124622675e+00,-3.548700084250972497e-01
1.842344471299480535e+00,4.635534434644666413e-01
9.184694741792795991e-01,5.025763152116933252e-01
4.661924414631511970e-01,-2.205156110136771153e-01
2.127014256593257269e+00,5.176970837000075543e-01
-7.091708057751638927e-01,7.580733669589680979e-01
6.146676788026167459e-01,-6.136644432481481726e-01
1.702617110971269831e-01,1.864419297267758957e-01
4.440149916895899107e-01,8.451527159822664892e-01
1.181834083541974667e-01,9.701828411265810484e-03
3.246967926780188196e-01,5.132739330969304792e-02
-1.048422031887625283e-01,9.504993775535335310e-01
7.888636490791857137e-01,6.287405962508263446e-01
7.809697883708320854e-01,5.848846905287968800e-01
-9.017714161821221985e-01,5.309338330050669130e-01
-9.302719004812843862e-01,1.957399560435909014e-01
4.739833451582787793e-01,8.905454841686006873e-01
1.987174526103760774e+00,3.527310209436851918e-01
4.234166376506941498e-01,-5.124288366237758630e-02
5.924698730886661657e-01,-3.616069165794496554e-01
-5.266921270918314968e-02,3.973741972519375110e-01
9.679564829519115010e-01,4.064927374002960114e-01
1.319850493309385198e-01,9.328395147523838027e-01
-7.194703083662669085e-01,8.143059652518057634e-01
-1.106674857127554645e+00,1.025767501280225868e-01
-2.460049629481315947e-01,8.774228426891379495e-01
1.215677146785398566e-01,9.131628453984137472e-01
-6.353291753781284967e-01,7.109171619814815823e-01
2.847885746152645225e-01,8.583057269548657331e-01
-4.553911367138011035e-02,1.100803514103271930e+00
-2.794464255540649589e-01,1.025154075745005944e+00
-6.768977788295047482e-01,9.557904930664449239e-01
4.525098743911879495e-01,-4.097972988456271004e-01
-3.392508573445620068e-01,1.016737075998251694e+00
1.769598389085910162e-01,1.317515776190123500e-01
-5.350656645186838839e-02,1.109598439851350982e+00
1.676081144370718257e-01,2.294479787802541360e-01
1.376072789700768795e-01,9.327358144018275121e-01
-4.475859062390892817e-01,1.063417353235620588e+00
1.998624247216676197e+00,2.944220397574093262e-01
1.878046387522247729e+00,1.825204867450233026e-01
-8.874951035091727114e-03,1.028196224750250964e+00
1.693592810936749959e+00,1.365245329689208087e-01
1.839473773647254617e+00,-1.199689817511051526e-01
1.838888639292150629e+00,1.204844030078749961e-01
-9.711111925160504921e-01,3.895046640192279530e-01
9.346177235112715920e-01,-8.026240808412045125e-01
7.878848056806657674e-01,9.065758069142862974e-01
7.156901022213489894e-01,5.344344861441270300e-01
-1.062290020930656276e+00,2.837291497317545597e-01
-8.326181403414650850e-01,3.755520551394921358e-01
-7.359939686489728183e-01,7.840884034751399723e-01
1.409091190313302433e-01,5.432135184231853819e-02
1.230960645297339173e+00,-3.781386300229510056e-01
7.318206697465526878e-01,-3.338020765673495593e-01
-6.767768411437408149e-01,5.506301131856287112e-01
1.804046470376531985e+00,-2.840718663876324879e-01
1.690426201520691230e+00,-2.770841383764593435e-01
1.555348972197936330e-01,3.380505693934000022e-01
-6.876232845701881757e-01,5.790117410810625698e-01
-2.427465510011848904e-03,3.858040747378849722e-01
1.938770259106856519e+00,2.523256853471400052e-01
1.804026843191678831e+00,2.880133853003811195e-01
-8.571172057292424373e-01,3.281781295547891442e-01
1.181733468661929187e+00,-4.765053817649578249e-01
-7.937576842915672337e-01,6.866949403025979226e-01
3.611048409362231371e-01,9.083111534980992108e-01
9.483986868749312293e-01,-5.440780943036808148e-01
-7.142375826358606794e-01,8.669692711545070596e-01
-4.807523725306259710e-01,7.685449239955641776e-01
-5.629513768147877129e-02,1.081887435860964031e+00
1.108441207520614924e+00,-5.102444585364953600e-01
-7.208107260794465176e-01,5.699570494869199422e-01
7.268661800279505036e-02,9.412102184137061123e-01
1.021847335960353043e+00,6.857448742751069970e-01
1.942661479970225757e+00,4.816781097696534175e-01
6.263014908587508645e-01,6.006643106193527704e-01
5.206814923069743584e-01,-4.753222141483994800e-01
-4.316405935757392509e-01,9.251549337291609110e-01
1.883461904768651163e+00,2.936202070164019573e-01
1.632373397161157591e+00,-4.236511338374857605e-01
1.785039732687406788e+00,-3.360496958655939115e-01
8.796204464088551722e-01,-4.708474987824269320e-01
1.371978237792267574e+00,-4.270327171487616758e-01
2.494774173451974608e-01,1.085991460394041486e+00
1.410779647762472055e-01,3.289973279112512472e-04
-1.006504078068143793e+00,3.648568450625295223e-01
-4.484386414159558520e-01,7.639226062547798124e-01
1.793159026637843739e-02,9.995920576693823056e-01
-2.237593444369289364e-01,8.796027345153187849e-01
-6.913168930228241749e-01,8.447290729176046842e-01
6.915319542552342824e-01,-3.096164441453901905e-01
9.713929014360170866e-01,1.802374127329374465e-01
-1.429042273345637881e-01,1.103793239266458892e+00
1.366219779612393825e+00,-3.194031085198495989e-01
2.081613828234584851e+00,2.843317503890360198e-01
3.529054286144875929e-01,7.752254361413968287e-01
-9.986920231831015737e-01,5.479317732232316107e-01
1.587822518785984016e+00,-5.764667213507504995e-01
7.876617586362731627e-02,8.944542990644458458e-01
8.157107420807385711e-01,3.792252945336568176e-02
7.013438853806471807e-01,7.951483697626117175e-01
9.635018393874269504e-01,-6.031954631734569583e-01
1.553053262859880046e-01,9.848738373624069675e-01
9.816024101479556840e-01,5.149033869467813940e-01
-1.017340936961071085e+00,-5.901247679253494860e-02
-7.837523679337893290e-01,2.183541723133635981e-01
-2.930166153346260849e-01,9.926553584203750003e-01
2.492196449255096868e-01,-8.431046508008012419e-02
8.516720625144336143e-01,1.970069054786205698e-01
-3.339283932287286788e-02,5.560567714776271098e-01
1.633813455117715030e+00,-1.579024009698457021e-01
7.168576215049771161e-01,-4.577024948442622310e-01
-1.671457391644707857e-01,9.131182897081630001e-01
5.348059736449064516e-01,9.364548251791167122e-01
-6.219448466819822441e-01,1.020611895438863215e+00
-1.174300619210286944e+00,-1.602707651136440342e-02
1.808455708819329377e+00,-7.269668065725853889e-02
1.606243374634731325e+00,-1.385417926615249706e-02
1.943455376483123054e+00,2.052346468702063165e-01
2.145447870643500676e-01,-2.158036588779028986e-02
1.062905992698388591e+00,5.248088657259816214e-01
1.427710795186730497e+00,-2.135389567140204559e-01
-9.649038177394042570e-01,2.478785823272878497e-01
1.861727690111565803e+00,-3.103854779589860224e-01
-1.078246631247462561e-01,1.921382028616998860e-01
-1.169973070757646116e+00,4.828509020671933882e-01
2.539487966632231752e-01,-7.880432413713833739e-02
1.424255377817290835e+00,-3.577174451781899855e-01
-4.195558739127681069e-01,8.675932136268301731e-01
6.802515169447033438e-02,9.369838890361502637e-01
8.904360312107252318e-01,-5.283708767527093286e-01
-1.050301902074500138e+00,4.585163587350618575e-02
-4.656356156346054265e-01,8.013204161944861292e-01
8.324744420124636779e-01,1.610101867410066445e-01
-1.546561678179833588e-01,7.257607168725994651e-01
3.356726895234557473e-01,-6.581270166833011470e-02
4.731613682861678105e-02,3.132566661367647276e-01
1.073307814356527556e+00,-4.166628811690105127e-01
-3.351661112453929031e-02,5.075909143543421154e-01
1.701997551433214184e+00,-3.962798623351773686e-02
-7.209965362239405540e-01,8.572232854563971438e-01
8.756397795791488470e-01,4.215494502346218697e-01
6.079386933268121629e-01,-4.141965851616852823e-01
-2.467895604943111665e-01,1.101552916491771894e+00
9.007231162677531433e-01,1.672409656007343426e-01
4.858595307325619395e-01,7.458235757541140654e-01
3.690001682384279613e-01,7.929673110305731631e-01
1.545520245288355632e+00,-4.991188348070854097e-01
-1.356414106318301616e-02,7.311421078850390831e-01
-2.625876491823770156e-03,5.839172257794943421e-01
1.477029259880866974e+00,-4.536385481847419188e-01
3.215445956848005382e-01,9.066470025913082598e-01
1.561367260684208280e-01,-3.342119185118955227e-01
1.591224275678595035e+00,-3.030248207476677336e-01
1.815483125797011210e+00,1.932284570440665483e-01
2.094927592041471609e+00,4.441877011743785575e-01
6.782600374753464112e-02,4.596376430537781332e-01
-4.623125479506249857e-01,8.019312644044040983e-01
-7.419964616257250789e-01,4.163862551735482143e-01
3.472046515859659732e-01,-1.063356895717257056e-01
7.902030415653259476e-01,3.864393168753248453e-01
5.539220607925597895e-01,-3.121583674863830371e-01
8.062013706018282821e-01,7.378096867957599780e-01
4.665499453837316235e-01,-2.631979599862883101e-01
3.812447954487651058e-01,-2.970070874489473267e-01
-6.749101500074972115e-01,5.008942284657668109e-01
3.226937956435296448e-03,4.914057727756871996e-01
-3.782190466787114375e-02,9.141684356451861282e-01
9.863221575616959447e-01,-4.958599283256358015e-01
1.005610211369982521e+00,-3.725515049899552067e-01
1.017642597458628506e+00,4.921543790813232011e-01
8.927320849012521098e-01,5.572766425401478596e-01
3.029886652244951489e-02,8.437414358107475643e-01
9.364424014925502027e-01,2.255038315891183809e-01
2.564779240930575854e-01,1.303440611198190546e-01
9.123648974562499347e-01,6.363355551413742983e-01
9.472759305079800907e-01,-5.910864736069900705e-01
6.938343441289498426e-01,7.423783272486442764e-01
4.050037590843036384e-01,8.487825295994773089e-01
9.592012451069720225e-03,4.910263428005655628e-01
-4.648378628784894939e-01,8.083317007282677658e-01
6.579791993142085627e-01,-4.264294344755769073e-01
9.094411518447892417e-01,4.262852029981863966e-01
7.813776640397480933e-02,2.363183392174415809e-03
-1.725910324496321702e-01,9.905210645862249086e-01
-1.756920579904507618e-01,1.944379437956691714e-01
-5.411812032417198659e-02,1.112963111425995688e+00
1.765553633449215898e+00,-1.005733373567193056e-01
2.402143711114848590e-01,-1.826250184966267398e-01
-9.958608727376281333e-01,1.755306699278607607e-01
6.378232168821671433e-01,1.027513601028210211e+00
1.581920910217250453e-01,1.083349463809795132e+00
1.484383356502459561e+00,-3.625528289401883097e-01
4.448639832411809270e-01,1.015996617129048429e+00
3.448972346074151152e-01,-5.178721838009567868e-01
-1.128420837085378770e-01,4.604461429771304903e-01
9.935080816990908836e-01,-5.814755453644361305e-01
6.654283722686316072e-01,-2.981553590476314075e-01
8.008958102937328016e-01,4.364060114018997183e-01
-1.098732904392318438e-01,4.630556827997591718e-01
-9.744396830133282839e-01,6.943825160892642678e-01
1.861590039340615288e+00,1.449611550660398762e-01
9.686580285896946585e-02,1.273959509303372206e+00
-8.408730126392772730e-01,5.409978875368059992e-01
5.395631385873431718e-01,3.897368690144329406e-01
4.111556455466333637e-01,-3.361497061969873079e-01
-1.009445751892693144e+00,5.183811662230473072e-01
4.395244275364457165e-01,8.821907136398329241e-01
1.763771170752395312e+00,-2.856174149097118753e-01
8.624634153233251554e-03,-5.351896790368525919e-02
8.284348798177409989e-01,8.246197009577533876e-01
2.026065796588690571e+00,2.555429348287538427e-02
5.269397630769335761e-01,8.992449043811715503e-01
1.447194878274708385e+00,-3.006731522795527134e-01
3.394327399271155343e-01,-2.290335068979324762e-01
1.883889515642822809e+00,3.694234124954955956e-01
2.753472709628314030e-01,-2.482524901455195609e-01
-3.394024755996001841e-01,8.684864187307262950e-01
6.313620303758799013e-01,-4.624796030692330251e-01
8.572973116242404990e-02,4.765374787008349600e-01
1.341048504604392955e+00,-4.634416325871166809e-01
8.764557920624687082e-01,1.807739350509938725e-01
1.216712989373281761e+00,-5.252698366392755114e-01
3.088327887729087617e-01,-4.391782844599895208e-01
5.734282316046982464e-01,8.214003610377227371e-01
-7.413740348921215029e-01,6.470495034699040859e-01
2.886470999422748318e-01,-2.927355131381785824e-01
-7.176974653267208515e-01,5.509024341764710009e-01
1.831781985042263639e+00,-5.924270243934157826e-02
1.965739328895858229e+00,3.887129248149736593e-01
1.883285913788236288e+00,-1.837044348286549500e-01
9.055185574707930174e-02,4.137394535313339561e-01
7.376924752132290042e-01,-5.606690866324685052e-01
5.261251596646295825e-01,8.093324447791473419e-01
8.629860877648767303e-01,2.624742279886417839e-01
5.007711716902318866e-01,9.345024242850066276e-01
-9.916878152567262239e-01,4.644013818586461562e-01
-5.125539336374070887e-01,8.763947454665915737e-01
3.014528637951234269e-01,1.200939682472248471e+00
3.966224284428790381e-01,8.335556186312514937e-01
1.415611046010582630e+00,-5.632146703424287804e-01
1.841776504540949322e+00,-1.912735952085635738e-01
8.832976368341183271e-01,5.528564997334692865e-01
2.048784614505000601e+00,3.611662982548310419e-01
-3.303388192936850820e-01,9.874123496302231739e-01
3.068838773543437481e-01,-1.993205661363917081e-01
7.771952886395010474e-01,8.746690875171065915e-01
5.439218061888353439e-01,6.753584872416972251e-01
-8.487614035935283630e-01,7.265920701758309397e-01
-5.128121306181289141e-01,7.277950792392499091e-01
5.447729896814200723e-01,-1.653984068515159112e-01
1.008197139577368118e+00,2.277947786626955406e-01
1.959104932676004829e+00,5.287173805943352622e-01
-9.856883888112042413e-01,-1.056574027012816969e-01
1.730738435051877744e+00,-3.122714023586395937e-01
-9.909134399185165476e-01,3.976491275024899297e-01
6.106834046668698779e-01,7.494847913081738033e-01
1.899430047199356597e+00,-1.266564744314772339e-01
4.977171919114497523e-01,8.890092133090123916e-01
-4.524101174941582704e-01,8.061173286805553007e-01
1.039841049035344689e+00,2.623370753822638068e-01
-9.745520297662929599e-01,5.772896552793431724e-01
-7.250293136938097405e-01,2.851915523284609955e-01
2.021224688419848370e+00,4.989028706284233117e-01
2.072005890530032701e+00,3.780820320537426338e-01
9.804855222050073982e-02,-2.579728660102951765e-01
1.450858691799597144e+00,-3.485126857893778851e-01
1.888566295872103895e+00,1.547015731706978814e-01
1.888232490293830557e+00,5.448618519486617129e-02
-5.350992434845079915e-01,5.179959329215529928e-01
2.370648721640759571e-01,-7.135220539826116204e-02
1.456891651839146373e+00,-3.025322354868192898e-01
8.058833461100894935e-03,1.000458395850887250e+00
-1.584658879496615436e-01,9.095649922712215618e-01
-9.235543508634265208e-01,3.727422133736976173e-01
-7.539102563200187346e-01,7.050893594694379596e-01
1.709712971052940178e+00,-1.848885817714312207e-01
2.049543132492354758e+00,-7.193312255630632257e-02
9.064228711247120929e-01,-5.173537689579904564e-01
-8.881786853719223496e-01,1.374150807158697196e-01
-6.937019616766697538e-01,9.156240962527576466e-01
-5.432313647588121741e-01,7.964623259992912319e-01
8.763154524656420197e-01,5.780704302467942757e-01
2.524953560313504264e-01,-1.266899334063994187e-01
-6.484200878072040597e-01,7.880292568056503910e-01
6.500402791891435328e-01,7.440103986346153775e-01
6.122171671281492200e-01,9.159588161850991117e-01
6.073742390377345757e-01,8.051211811255980511e-01
1.304201899127307662e+00,-5.384373984405229630e-01
1.846032996858246955e+00,4.167262986769086630e-02
-9.484730515472271639e-01,1.894772146462529727e-01
2.138016787175891054e+00,4.719220258473600382e-01
1.693237351223408904e+00,-2.699970605290755721e-01
1.332295030225963961e-01,2.176432918763068769e-01
5.175814689542647118e-01,-4.215085796299428145e-01
1.226515318046417891e+00,-2.371127998155315719e-01
-1.061978410599151657e+00,1.307720179191963483e-01
-9.655107412141268330e-01,6.706566280048796846e-01
1.603241260917839250e-01,1.197960913114193976e-01
-3.718484331683404032e-02,3.256357945528909337e-01
9.461205420691558565e-01,1.623971735710459663e-01
1.120230903652770227e+00,-3.353801832862068899e-01
1.057133784548300426e+00,-4.385228868366004562e-01
1.019953396863095163e+00,-5.881916140581370245e-01
3.836727834747447607e-01,-3.794604603250116281e-01
-4.237560708294924594e-01,7.765495705921966474e-01
-9.121560786855360536e-01,2.834654387227706906e-01
-4.887738374721580792e-01,9.601965366059064255e-01
3.790358549427131907e-01,9.547719221939248158e-01
6.976978959374136036e-01,-7.050241367342736654e-01
1.653594411105644646e+00,8.249820647413586006e-02
4.058869604812829213e-01,-2.005802759501087440e-01
1.482242810639403663e-01,1.363650224773061137e-01
5.935584394565549538e-01,-4.603880976380949064e-01
1.230250413912918006e+00,-6.074114798550108718e-01
6.328242420519109013e-01,6.547178600684744332e-01
2.995106317599709883e-02,3.301439528716834104e-01
1.362661356118579914e-01,1.820493954109499435e-01
1.429932084913602575e+00,-2.271092461773416282e-01
5.136609825759981263e-01,-6.513532674605373440e-01
2.054068162161694744e+00,3.717565015045276589e-01
1.168233781919632897e+00,-4.971865307750551466e-01
9.111658530464934458e-01,-5.246692670066084307e-01
-9.009238256713199000e-01,2.691910878877223912e-01
2.036724915470926156e+00,1.941237699190813681e-01
-7.487365778184962295e-01,3.869100223354194901e-01
5.925353288701187271e-01,-4.188528306575393656e-01
7.459710931351819507e-01,-4.456163230943178122e-01
2.869365394844100581e-02,-4.437347645236494609e-02
5.048658139256596566e-01,9.285934796812599368e-01
1.679080475198811984e+00,-1.409501217351932512e-01
5.456639751177010389e-01,7.382274398167781859e-01
2.110983925992754029e-01,8.782590574854023391e-01
2.090513666056393882e-01,1.562982382951745852e-01
-9.124502232211259001e-01,3.755732980855533421e-02
1.761143424357430209e+00,-1.237550351339997412e-01
2.043935217682146255e-01,-2.195816542435071739e-01
8.283716824088068753e-01,-3.390077205047159481e-01
3.110671326103711110e-01,-3.173206329936932857e-01
-2.632415715500495690e-01,9.493712203719114617e-01
5.240665538898918452e-02,1.050376539934064546e+00
1.158626316195427330e+00,-5.663033129518046938e-01
2.310327074064620345e-01,1.001011761871496430e+00
-4.443223996613179239e-01,1.006030022770716403e+00
2.433215753829751637e-01,-2.202440262534754722e-01
1.294153886511602458e+00,-5.433920413908772673e-01
7.587716803887649686e-01,8.413607545509553809e-01
1.994096368435608113e+00,5.563447526357128137e-01
9.132265399645633774e-01,-4.662020857769934579e-01
7.879423899811771603e-01,-4.114472147311360462e-01
-8.626102291752429929e-01,3.200403709924719564e-01
-2.946701943571156113e-01,1.018165839884046520e+00
9.510346758229880626e-01,5.972979021326950688e-01
3.586863542708186303e-01,1.016910229309690994e+00
1.436897534922872977e+00,-3.842993241672298943e-01
1.681499394067288156e-01,-1.434812898921448143e-01
2.171005108232107461e-01,-1.482787762858739644e-01
1.216902462023822462e+00,-2.178535733742064523e-02
1.098457243830518237e+00,-6.830542104600780817e-01
9.846245185823990775e-01,2.130670234389431816e-01
9.547527999777318808e-01,3.709410094675696934e-01
9.445864392346180471e-01,-3.308478082117946029e-01
-5.570278414647695797e-01,5.449488145255463323e-01
9.103310477017223512e-01,-1.193495925997994506e-01
1.703860763515651078e-01,7.954101407896077003e-01
8.228884069982198568e-01,5.370834525809000670e-01
2.111625102477326710e+00,2.305527927388443254e-01
1.056090900987412429e+00,-4.746150757711745105e-01
2.262790763351653356e-01,9.114887922259589104e-01
8.578216766914025238e-01,-1.623919923787084385e-02
9.212643254862130648e-01,3.816071102701967255e-01
5.358274209583093750e-01,7.412537143632497161e-01
-5.815038187591622387e-01,8.797848750323368217e-01
5.731153708808750524e-01,-3.344438086156688028e-01
-2.143972821852991595e-01,1.069186740039654193e+00
6.013866066787307840e-01,9.481764324024731794e-01
-1.453002968599171885e-01,1.057947690931649420e+00
-8.843302435743316536e-02,1.583364330130294650e-01
9.074266995328400531e-02,3.439037658773547723e-01
1.664658879401518687e+00,-2.731322408117685674e-01
4.437732500145378234e-01,-1.772675889710133845e-01
-4.064569348876688470e-02,9.962416582107173069e-01
3.824834427868455122e-02,1.715874577397015766e-01
1.002362383544572966e+00,1.230505871362157222e-02
3.560977227007862123e-01,-2.767167916212088796e-01
1.234657875940315952e+00,-3.923151720491748207e-01
1.862513189695468974e+00,8.815523155245066911e-02
1.665290974049388861e+00,-2.433200813311245381e-02
1.075034655324274974e-01,2.272794700630179632e-01
1.456959749691134398e+00,-4.562453557148646865e-01
-8.718737978888095874e-01,4.547536236229403062e-01
5.685327396580319714e-01,-3.738403973916928358e-01
-7.644386673601245574e-01,8.598980058890977052e-01
8.279126970888002202e-01,6.013466125869479928e-01
-7.622701449888862335e-01,5.331406376840793770e-01
5.256199146082582985e-01,1.002472255621684516e+00
1.060368900308053863e+00,-5.569286298723798989e-01
1.837612267259799426e+00,-1.975565547124467081e-01
1.501215701440906658e+00,-4.039330175070652285e-01
1.239372662044627926e+00,-2.288953982878229598e-01
1.327026192227679813e+00,-1.952098074318846521e-01
-9.732710218488738185e-01,-7.513996002116574147e-02
3.248175218514183227e-01,9.445735561671622094e-01
7.609846915086163621e-01,6.791891151133399029e-01
1.460758628334513087e-01,1.201361530144248457e-01
9.218198222620509474e-01,3.391552270043763917e-01
9.516345625864797153e-01,5.659653927610072133e-01
4.869006083678220631e-02,3.218686662219243932e-01
1.670399201113858201e+00,-1.712022096166889162e-01
1.842368342552473504e+00,2.944029555277052901e-01
-6.851795574975614311e-01,9.072805182802973212e-01
1.505834406399980452e+00,-3.083580477094894357e-01
-1.164295458441716224e+00,4.799331593775206517e-02
9.969434819810770732e-01,-5.780525727041564421e-01
8.652985118062458403e-01,-5.069754770065673100e-01
1.899510182825624005e+00,1.894809794484757504e-01
1.916345104529186605e+00,1.135824273808953289e-01
9.453127284670801433e-01,5.114157399771785961e-01
1.045352886370960022e+00,-2.336586931461541727e-01
8.230339214191673136e-01,3.181347331135508383e-01
5.608226161946119337e-01,7.823365801836243971e-01
-4.440247186704483762e-02,3.155041500459991322e-01
9.531747538339752079e-01,3.920587667035028701e-01
-1.094449690843303513e-01,9.678174588668639333e-02
1.890504203642424441e+00,1.565254008554510246e-01
1.545447188831703400e-01,9.812933941565090690e-01
1.859423508249669288e+00,-2.140415655471075151e-01
1.600265430690839930e+00,-1.160293685967140609e-01
1.640336452721129046e+00,-3.239532765713889484e-01
7.664578839633382490e-01,6.785486640261073621e-01
2.379698061843117662e-01,-4.648310248438755066e-01
8.014728953636480746e-01,-4.849611754356619731e-01
7.456566984032479972e-01,-6.904489217957084923e-01
1.044527510033641526e-01,2.782980087211734399e-01
-9.899255129392493524e-01,-2.369035267035961290e-02
-2.456643901836449428e-01,3.628562611940601146e-01
-3.849390958097557158e-01,1.007388277914321062e+00
6.793851560190793393e-01,-3.193742199668235804e-01
1.297593574436788133e+00,-4.846574366816980284e-01
2.901100891642189317e-01,-1.507804322883572190e-01
7.336558598551898291e-02,1.400051545557444987e-01
-3.016988801111202267e-01,8.498330895229342374e-01
3.941091398939723933e-01,-2.799761521689981825e-01
-9.759557362447416340e-01,5.728252268438714934e-01
1.728209930536328987e+00,-2.298644797763005898e-01
7.682383331339243115e-02,4.351660948864399248e-01
1.319907848848837162e+00,-5.863044257627173517e-01
-7.057674753245340993e-01,6.671511821085848171e-01
3.176827071675170089e-01,9.312277627664189428e-01
4.264056296134865476e-01,-4.704215046585321636e-01
1.279005351787255940e+00,-2.737969019228038148e-01
-5.096560891602410770e-01,9.854263595010129828e-01
1.496080518661260683e+00,-2.761068695919737248e-01
1.383548322176090473e+00,-3.765926625984175602e-01
1.845264405252428519e+00,4.726233212675784445e-02
6.544079755085610017e-01,-6.128461650485005352e-01
5.963901838737892813e-01,-6.043515730517893259e-01
3.284300747029623296e-02,2.068039242481868600e-02
1.788421703886829306e+00,-7.131812459753306133e-04
9.618982939731481746e-03,4.626640485819568660e-01
1.002813486548043836e-01,9.241434975861528844e-01
4.486367164718203515e-01,7.864265784806614423e-01
1.860420254528550865e-01,2.351904240016932657e-01
-8.314810055602608330e-01,3.902421766486434684e-01
2.092385071539735630e+00,6.337274727827901799e-01
6.959679672820291707e-02,1.049561597692522774e+00
9.674474413426954467e-01,2.739136056975226552e-01
8.858419841152732621e-01,-5.765685417902423060e-01
-8.567372617126466361e-01,2.002820180587048249e-01
-6.480083061768171504e-01,5.795177938234481463e-01
-1.113669837406614294e+00,3.602873815193977092e-02
1.200981635894074750e-01,1.224219692269938875e+00
-8.674562846053194276e-01,5.344230921023258585e-01
5.863995896713433131e-01,-2.780236727775222683e-01
8.131399795017341114e-01,5.250458528095423016e-01
-6.730828186181756490e-01,9.980279205072599691e-01
1.782448114698041097e+00,-9.759680822421572255e-02
1.113870395750069742e+00,4.239632255099942126e-01
-9.586867806792929159e-01,7.954176392267824358e-01
-3.691996146334139972e-01,1.002249306427656750e+00
-3.854508203781294995e-01,9.637171796285753933e-01
-4.077201130380614935e-01,1.064200612227400367e+00
2.151923681565876267e-01,-2.556643088621489701e-01
-5.716757047041128859e-01,7.120263876994613605e-01
3.274782336353857515e-01,7.052961723644723957e-01
5.983391013134888858e-01,-5.982622639637908968e-01
-7.847916090355780416e-02,5.319528959123352996e-01
7.703707194890954124e-01,-5.311556858935142511e-01
9.780456635816120459e-01,1.253471023292898334e-01
8.671798668037035418e-02,1.016356195993450146e-01
-8.521020153777701944e-01,4.923405643995761860e-01
-8.114062830116994807e-01,6.986897234839573034e-01
9.329726598574128449e-01,-1.747441147775715201e-02
1.544597813053268043e+00,-4.637599720395357838e-01
4.830093506518306490e-01,-5.187868409206012332e-01
1.398853283282333881e-01,9.661816201423703010e-01
1.196189848556122426e+00,-4.918233274435199198e-01
1.910680553438022011e+00,5.562332044155929300e-02
-1.012579878431618674e+00,4.025009659157712250e-01
1.527116905419939386e+00,-4.731611179541779233e-01
1.616047052123609662e+00,-3.206025637690647079e-01
6.713608185940229678e-01,4.931141389456762947e-01
7.238093158201460708e-01,4.986483379348596312e-01
-5.672661811536277021e-01,1.079246008357857889e+00
1.092782414386034739e+00,-5.690110446804509392e-01
8.007816406663033071e-01,3.766736032389324529e-01
1.026020669817806485e+00,-1.163281487925189456e-01
9.407509220257638249e-01,6.886625181769185922e-01
-9.185328466427928884e-01,1.795499478183487929e-01
4.050481041971415452e-02,3.026616032638096421e-01
2.154375604788382859e+00,3.007191772328124402e-01
8.827344888682316926e-01,4.797501968030408737e-01
-8.889650156672207482e-01,2.783553572980195789e-01
1.484815259602360937e+00,-3.305145674711786885e-01
-9.819098079869584828e-01,4.348325297344999285e-01
2.029582726880704069e+00,3.909612387992391636e-01
8.615711808023182594e-02,9.736353218164612855e-01
-3.889431849856382906e-01,1.073269570406426343e+00
6.728645672857593851e-01,-5.591232543053883397e-01
2.708292130073242099e-01,-1.780048081440036012e-01
4.801671698529336174e-02,3.637333256809718862e-03
1.023177781790606394e-01,2.418376509503236682e-01
3.806906839554499711e-02,2.622748479077331024e-02
6.111823915364417159e-01,6.565198067649984370e-01
-6.701683743777777646e-01,6.875951942691437280e-01
-9.668713150477212803e-01,5.960501071088701863e-01
1.026160808346561204e+00,3.241299942282056534e-01
-2.247624166828312009e-01,9.904001864338910499e-01
-2.210480749364235331e-01,7.424931472343210270e-01
1.074825998400110866e-01,-7.410705244117841983e-02
3.768253170977569066e-01,-2.009929807221574327e-01
1.308700566428414813e+00,4.852758040442795018e-01
1.899222017214094782e+00,-3.378440086726032521e-02
1.285821848011885038e+00,-3.243490259103907203e-01
9.118456377686594561e-01,-2.985866108998016522e-01
4.079540981749228412e-01,1.000216952760034639e+00
1.954225673320911350e+00,1.472255861789480424e-01
1.671771005562396439e+00,-1.820892336136760714e-01
-6.051179971704456761e-03,-1.740928187855076137e-01
5.505846055068408518e-01,9.439263904120831494e-01
-7.265525380652443355e-02,2.514840303805625510e-01
1.042446472809628766e+00,4.070024049025273705e-01
-9.087683159568767932e-01,2.214129641721269692e-01
7.592896884967824667e-01,2.217646232255067740e-01
1.418131406591900401e+00,-4.889705549563445608e-01
-7.083062259161014840e-01,5.978749139467930407e-01
-8.833227401388522582e-01,2.681832859104327227e-01
1.766761211754438454e-01,-2.806637936777147679e-01
1.520016460114105294e+00,-3.515096713940185080e-01
-1.152786891154616411e+00,3.922364300828283246e-01
2.250336744316231707e-01,1.019360671700863197e+00
8.614705576222084771e-01,5.936974497318167066e-01
3.587989458993401382e-02,1.026249435112369879e+00
2.062696274124440787e+00,2.830303489620134005e-01
1.059167558623924088e-01,4.331453950121717106e-02
5.290036555023382991e-01,-5.465394416885610562e-01
4.123390822190807770e-01,-3.241000253636557304e-01
1.471087069294145233e-01,5.431024147612566189e-02
1.489043117839284003e+00,-5.180097361105545639e-01
8.418035076280789841e-01,1.833179705349848032e-01
1.586980063986587197e+00,-6.688692709934830338e-01
8.835206975607629021e-01,5.335804206610400557e-01
2.082524989564008333e+00,1.420176521676453918e-01
8.963407110122557642e-01,4.652757381740228459e-01
-6.857669313275926992e-01,4.944664010470865012e-01
1.872140721158070953e+00,1.253515028238087470e-01
-9.720350138208968538e-01,6.208556575395909327e-01
1.221330711370860911e+00,-4.587882292861931721e-01
3.482792610043797810e-01,-4.060951450723360168e-01
-9.659004353879256932e-01,6.391394497988771572e-01
1.300236744392638366e+00,-4.248926855720200901e-01
2.074147612484117109e-01,8.787064097089012371e-01
-1.019083283563227832e-01,1.059534979668975474e+00
-6.056952334881079425e-01,7.705039177175685428e-01
-9.860476135593136959e-01,1.816427410319392810e-01
1.782806203779311316e+00,-2.103255362420227981e-01
1.799661622817113171e+00,-1.304824279166331702e-01
9.825120530605173652e-01,4.285393379453670826e-01
2.252792458721096791e-01,8.069992859024479603e-01
2.708806107629783688e-01,-1.892466116048791003e-03
1.310974791417766627e-01,4.224325627728748311e-01
1.223739663762865026e+00,-4.636215001988938655e-01
2.025717129408834971e+00,3.794417641566554256e-01
-6.447052310348628801e-01,6.629340700031339795e-01
-5.855194414121720481e-01,9.811890294608990315e-01
-7.161216412205494430e-01,6.416188443170185440e-01
2.358325662180808524e-01,1.448280544570051953e-01
5.415184392247938128e-01,8.492429396517471307e-01
3.959736324639884231e-01,-1.391977561433358768e-01
6.385965882435636898e-01,-7.361876393332769108e-01
1.864772278325553589e+00,-8.746293183123782233e-04
2.006808904210846567e+00,2.078760211864727758e-01
1.975719269016571689e+00,3.439734319328897616e-01
1.893754456617101845e+00,2.109591861779417654e-01
7.181451159298397613e-01,4.565770128900558111e-01
5.970694854207043711e-01,7.932885716119579822e-01
1.918409307590178137e-01,-6.506769319379662742e-02
1.148426465077843517e+00,-7.188473675893646275e-01
1.113340281894452222e+00,-3.142479068842743972e-01
9.247151308153942484e-01,-4.915179675104689450e-01
-3.644853148979810276e-01,8.105867164706725969e-01
1.614099695166967496e+00,-2.528410868633344522e-01
6.652539746639615226e-01,-4.190410523392243958e-01
-8.120228065077670365e-01,7.017688028513177079e-01
6.507984254608092378e-01,8.888504567476490648e-01
1.798183322912667359e+00,3.177328424625279202e-01
1.068239010247120507e-01,-6.783080229786295212e-02
3.067135375474566161e-01,-1.991541511790854424e-01
-1.216406856226177891e-02,2.455142011141529523e-01
-1.032721067613914689e+00,3.343116536040806053e-01
-6.603569945581800882e-01,4.079460611680837401e-01
5.430784445458646248e-01,7.443970060852582726e-01
8.534517141039141830e-01,-5.056419628970953983e-01
-3.750888908931029331e-01,1.023987349657339729e+00
1.102668350836293054e-01,1.026188061891002201e+00
-9.905119020123821505e-01,4.203135632880474759e-01
4.007963704791044357e-01,-3.771272087097686243e-01
1.882648931539713022e+00,-3.069602369834618233e-02
-9.725484961062139666e-01,1.931273658159864126e-01
8.115770071673447106e-01,5.660280993022380747e-01
9.307241134827103357e-01,-4.403449501533192589e-01
-3.661185111422291527e-01,8.275055691436263849e-01
-5.919407789254877983e-01,7.109308615306422219e-01
1.814397069346760372e-01,1.406863622257661095e-01
-8.262203601994562163e-01,2.204527034384724249e-01
9.204122996498833587e-01,-4.290534322502546627e-01
6.659788547169303019e-01,1.072148020986594119e+00
-9.409527211170387595e-01,4.224548638611581031e-01
1.199185531646594916e+00,-4.235927073347026672e-01
1.912606866667924121e+00,2.714108554216657088e-01
2.878842999564329430e-01,1.126944395115452746e+00
3.432959951475561544e-01,8.279160641992748815e-01
1.298150073911543689e-01,-9.275998001370577839e-03
8.117360068393978390e-01,5.716500490065696827e-01
2.087904975069557523e+00,6.167344212754386629e-02
-9.746954756844631307e-01,1.916479081827429931e-01
2.076949473763566978e+00,2.847854068381118764e-01
-8.766264398104827160e-01,-5.213548822145303019e-02
-1.311714268507053194e-01,9.512746389036680350e-01
9.052710578371738759e-01,-1.000191938115500140e-01
6.557178160670731337e-01,-4.526883142576003105e-01
-6.473596784006959703e-01,6.000231597379730442e-01
-8.830144092354597074e-01,2.918916685270150913e-01
7.625149345229471631e-01,-5.384179075180203222e-01
-3.536069180215021812e-01,7.731105250363791148e-01
9.680896509996912425e-01,6.471078221492922861e-04
2.072178719423863225e+00,4.878377870654446169e-01
7.528976862971018535e-01,-5.590847052870777656e-01
-9.778414835773183156e-02,1.123918655333190575e+00
1.355531678961663378e-01,3.278541657714086899e-01
7.178881191664628902e-01,5.061807220968767007e-01
3.085357103262843514e-01,1.398462232551716811e-01
9.499994772624575923e-01,-4.468227846014485305e-01
5.623589331638781941e-01,-5.133197432587656150e-01
1.061965627732873507e+00,3.830237718631888666e-01
7.025181403905585986e-01,8.125821464375868608e-01
2.066455152575878973e+00,2.550918683066930592e-01
1.458018482405980976e+00,-2.342489936895413571e-01
-8.948269002523620008e-01,3.004943085538287484e-01
-6.734448739012989515e-02,3.400817787712238083e-01
5.518540108728524629e-01,-3.460525305032576826e-01
1.303923179364453233e+00,-3.492552694891499221e-01
5.797149182023872971e-01,-4.846716154282282307e-01
9.549291441099254651e-01,3.015509457091338774e-01
1.785339825860927376e-01,8.765351777856807969e-01
1.403908726159531772e+00,-3.968510756611990931e-01
1.346606531366331350e+00,-3.163980833934542103e-01
7.187967589072569163e-01,9.501470522668837848e-01
-5.070022156743559938e-01,9.965287177707988775e-01
9.672036438308921902e-01,4.102233039539480153e-01
6.665076261079346809e-01,6.810426110532418198e-01
2.003454573756642709e+00,-1.081344297645756014e-01
-9.717820449331524557e-01,2.730137938015027022e-01
1.343333549962065110e+00,-4.828465281257574016e-01
-3.103295550923179658e-02,9.802650141384043891e-01
9.762553695888743777e-01,1.244084576747742088e-02
1.072850282292529878e+00,-4.724773312520741952e-01
1.488510279588934004e+00,-1.651241184827387798e-01
3.129502093207647828e-01,8.336290627277073151e-01
3.697115785980794600e-01,7.007169753262021406e-01
